0739472693,Trey Hudson
0660240813,Kiara Winters
0820779988,Ellie Nielsen
0867347444,Diane Baldwin
0867588383,Melvin Holden
0806091602,Francesco Gaines
0872811629,Florence Kirby
0848064860,Emily Velasquez
0880442747,Daisy Carroll
0723883560,Xander Mendez
0631481442,Luna Daugherty
0683857495,Spencer Carey
0748937685,Zackary Park
0724328856,Kurt Friedman
0887384337,Lawrence Villegas
0622711155,Fletcher Donnelly
0648617141,Zahraa Santiago
0859738634,Lottie Mejia
0730047572,Sulaiman English
0727636152,Caspar Navarro
0878411540,Aayan Riggs
0781894469,Dale Mccarty
0793163212,Troy Fernandez
0860019127,Ria Duncan
0775252321,Dominic Levy
0667857189,Wyatt Pacheco
0871470049,Harold Marsh
0878368759,Charles Anthony
0602306824,Chloe Blake
0839185158,Anton Shepard
0895592676,Inaya Dunn
0852473692,Yasmin Waters
0876025363,Laurence Vincent
0856113972,Asiya Barnett
0849131839,Zara Roman
0867320171,Kezia Matthams
0820304215,Hattie Phelps
0633562675,Arman Cooper
0749204934,Megan Branch
0694131798,Bibi Hobbs
0738722703,Steven Ochoa
0623638768,Duncan Wyatt
0873521778,Theresa O'Quinn
0795449908,Ellis Whitaker
0898577191,Henri Ingram
0844016931,Ruairi Becker
0645884010,Honor Obrien
0701646523,Isabella Sherman
0743627037,Fabian Perkins
0692076132,India Barron
0784883019,Laiba Barton
0660234742,Kurtis Wang
0785847646,Annika Sanders
0603429583,Qasim Bender
0834703798,Gabrielle Cordova
0685729564,Paul Nelson
0631538961,Benjamin Todd
0636454890,Macie Petty
0636425465,Anish Young
0747611118,Tallulah Durham
0647806311,Effie Ayers
0804394805,Youssef Rivers
0618936376,Bartosz Vang
0669461776,Conor Connolly
0852071601,Russell Matthews
0870324199,Aaminah Parsons
0711882725,Abby Carney
0770024660,Nell Carr
0837897561,Danielle Jackson
0676607177,Rufus Lyons
0805627290,Nieve Acevedo
0677387575,Rico Hatfield
0748794408,Aaliyah Mcdowell
0699682186,April Cain
0773994278,Alexander Trujillo
0760106470,Haydn Wallace
0766685471,Filip Connor
0806962114,Mateo Gilbert
0737343642,Brooke Singleton
0643260969,Findlay Bowers
0764641284,Brayden Merrill
0738259274,Denzel Ford
0789667483,Zaynab Meyer
0637058822,Sara Hall
0851972568,Harvey Koch
0757498171,Penelope Alvarez
0845199606,Zakariya Espinoza
0677994709,Eryn Hancock
0642991948,Szymon Edwards
0684875083,Jakob Romero
0723273400,Libbie Garza
0813529038,Bella Pennington
0825341326,Daniella Decker
0653234490,Caroline Fuentes
0750151937,Carrie Kelly
0860384969,Eoin Marquez
0783501394,Lorraine Nixon
0616366326,Chantelle Estes
0862597700,Brianna Cook
0663468861,Emilia Washington
0862342640,Neha Jones
0660386941,Hussein Branch
0898214450,Alexa Boyer
0600063749,Juanita Vega
0732535017,Cynthia Barton
0688627028,Alia Rocha
0736048230,Finnian Odling
0661830428,Lincoln Hubbard
0793310508,Adriana Odonnell
0768283989,Sophia Bartlett
0642724062,Sabrina Rowland
0899301822,Esha Sampson
0787668664,Kelsie Merritt
0828363333,Alanna Castaneda
0837282390,Emilie Woods
0879480090,Georgie Mora
0701012053,Ayah Walker
0606807464,Abbey Hernandez
0738912792,Carla Burch
0689344468,Bruce Chaney
0862352355,Harris Woodard
0714538052,Jason Marquez
0676015700,Alexandros Gilbert
0677454323,Barnaby Blaese
0753055642,Jasmin Buckley
0887357004,Georgia Becker
0759169359,Edgar Rodgers
0801822679,Katy Bean
0881272669,Edward Gallagher
0611354582,Joshua Giles
0754952794,Osian Hull
0814775324,Rex Rivas
0680353531,Lucille Cruz
0669078822,Myah Holt
0688780401,Lorraine Mcknight
0611547866,Sion Carroll
0654993811,Justin Dickerson
0830140095,Eleanor Boyd
0647821616,Joao Valencia
0713169799,Teresa Carr
0756190708,Samson Watkins
0684214865,Angelo Haney
0671036380,Rosalie Haas
0633636988,Adam Stafford
0686051997,Samir Swanson
0797515591,Harun Burton
0708799745,Armaan Knight
0641072132,Talia John
0897533114,Shawn Bond
0871582760,Dan Freeman
0732233320,Khadijah Johnston
0805199923,Franklin Pena
0789896519,Naima Howe
0738642839,Jon Abbott
0706768793,Poppie Bentley
0679939356,Marianne Long
0850192401,Mike Chase
0659497564,Lucia Cobb
0642040380,Shanice Byrne
0745860247,Kendra Wagner
0673060469,Nataniel Burgess
0696431161,Veronica Bonner
0713231187,Demi Bernard
0603846119,Emma Simmons
0726694360,Paula Baxter
0725471802,Maddie Merrill
0780941593,Ellie-May Perez
0610762382,Eileen Weaver
0676081269,Millie O'Neill
0890468083,Charley Ryan
0612963784,Hollie Woodward
0603550449,Ty Petty
0804360294,Willard Mckee
0856362873,Kyan Ali
0711321787,Greta Terry
0663319884,Ariana Higgins
0716966427,Devon Crosby
0689991489,Cody Curtis
0659065136,Declan Berger
0672055339,Maeve Hayden
0624329832,Natalia Donovan
0851111284,Victoria Pennington
0670580904,Alfred O'Ryan
0631601806,Harriett Reyes
0864736260,Vivian Poole
0644331894,Maizie Connor
0680596287,Rodney Strickland
0873405763,Tyrell Ferguson
0815434916,Beatrix Roberson
0738252562,Libby Mooney
0629906468,Omer Mosley
0811946146,Gertrude Andersen
0855840102,Tony Alvarez
0742386755,Princess Mack
0606244011,Penny Khan
0607082511,Rhys Ball
0802340033,Finnley Burns
0624703884,Nicholas Singleton
0803101904,Leyla Macdonald
0601347316,Rohan Maxwell
0829840568,Nicola Green
0862157096,Kasey Wiley
0651854028,Julie Lamb
0867725203,Samson Swanson
0693122698,Mya Hull
0886385627,Joanna Summers
0803896191,Denzel Frederick
0887825906,Savanna Petersen
0820935158,Fiona Crane
0866473427,Monica Vega
0844867388,Carter Downs
0897599892,Isaiah Holden
0753783051,Saad Pham
0740865685,Eoin Caldwell
0893903965,Beth Mccall
0788728125,Omari Harper
0743798816,Kadie Obrien
0698295425,Marnie Mccullough
0692482378,Alexander Moody
0843742767,Lacey Orr
0870923455,Kian Gonzales
0636798407,Abby Grant
0626223904,Ricky Simon
0638730875,Lennox Colon
0839135001,Ronan Daniel
0752199245,Cora Rhodes
0862928126,Kingsley Gay
0692604030,Jermaine Rosario
0836425598,Zaynab Cotton
0872863618,Ayesha Hood
0897534063,Alannah Wang
0859103285,Ashley Pope
0747834230,Heath Aguirre
0714925579,Cruz Andersen
0679867883,Tyrone Wilson
0767838068,Jared Bell
0779227076,Cordelia Houston
0761029079,Abubakar Stephens
0652549853,Giovanni Gardner
0880419160,Maximillian Sears
0656795406,Krish Lawson
0859827120,Jaime Mcdonald
0733639102,Alys Macias
0842977358,Amaan Clark
0724227445,Yuvraj Roach
0715240746,Sinead Arnold
0698781505,Juliette Fletcher
0741594295,Bailey Hughes
0857963398,Edna Gilbert
0795151240,Tallulah Shaffer
0664561605,Nikhil Guerrero
0833879186,Alyssia Bolton
0665399055,Charis Richmond
0742336687,Carlo Singh
0785661379,Caitlin Jenkins
0610330964,Hermione Garrison
0691635178,Myla Mays
0884717406,Kamal Frank
0724256121,Ayrton Wilkinson
0812705000,Lucille Schneider
0700004357,William Bridges
0884841876,Annie Atkins
0621645930,Katie Morrison
0600749224,Jamil Serrano
0786407668,Nate Williams
0854112810,Candice Welsh
0648883327,Danyal Carpenter
0666841098,Jenny Gibbs
0731534813,Alessia Zuniga
0695397631,Jago Hunter
0790685372,Jada Holman
0764876927,Raja Heath
0810192726,Safa Acosta
0686730976,Abdul Hubbard
0838002388,Karen Chaney
0850013704,Alec Hoffman
0614905091,Dorothy Winter
0794139543,Julia Collier
0807785224,Henri Mckay
0895505274,Cameron Craig
0873728170,Owais Connolly
0735740045,Aamir Price
0738642660,Nell Acevedo
0710102001,Kobe Cook
0678479143,Elsa Ramirez
0663456842,Amna Lowe
0861781018,Yasin Benson
0682318239,Chelsey Carrillo
0684279001,Suzanne Tyler
0799469657,Josh Best
0728883096,Roberta Terry
0895379362,Teddy Diaz
0765095204,Tillie Kidd
0725926917,Emilio Bowers
0740128287,Adriana Escobar
0619580519,Flynn Booth
0860272496,Isobella Thompson
0686964325,Edgar Sampson
0660808142,Noor Clayton
0722879004,Mike Richard
0845929426,Marie Haas
0843225974,Wilfred Hayden
0835038940,Mustafa Alexander
0760420421,Ben Nguyen
0877221495,Leslie Wilkinson
0739735627,Pippa Miranda
0667424672,Humza Jacobson
0802946686,Daniella Franco
0667212163,Eleanor Boone
0826807903,Syed Singh
0759897076,Axel Maxwell
0610526226,Miah Frank
0710961602,Louisa Atkins
0863421177,Jeffrey Chapman
0666374461,Alexia Dyer
0860405020,Arran Gray
0877489999,Faris Cunningham
0843179164,James Powers
0676487400,Jakob Mcintyre
0889635272,Bonnie Stewart
0871795390,Jude Quinn
0645768089,Terry Camacho
0742566843,Trinity Dale
0862694732,Safiya Mcgowan
0618661037,Kaylee Savage
0602066402,Bryony Cordova
0818352642,Cole Hardy
0783491005,Nadia Carpenter
0619750937,Bibi Campbell
0652173236,Ruth Glass
0637676397,Amelie Lopez
0739873057,Pearl Orr
0788897934,Tilly Kramer
0671713973,Tiana Little
0764669196,Olly Townsend
0807695335,Ayesha Wheeler
0788715610,Szymon Weaver
0690082224,Gavin Harmon
0682225601,Justin Rowland
0789860542,Tyler Mcbride
0639194459,Roisin Simpson
0682741627,Willow O'Quinn
0895575242,Cormac Terrell
0862923602,Jeremy Fisher
0690377124,Danyal Whitney
0708992120,Alfie Petersen
0639957482,Tianna Wu
0701375008,Minnie Stephenson
0653404029,Kate Christian
0833375218,Francesca Coffey
0608182357,Terence Benjamin
0679319787,Nathan Harris
0614336293,Caitlin Chen
0849305692,Kacie Bird
0732606488,Niamh Odom
0786758733,Sadia Blackwell
0667086147,Subhan Larson
0845908126,Reid Mayo
0629952713,Fahad Frazier
0835011853,Ruby Villegas
0711080933,Duncan Ellis
0665654709,Filip Pittman
0695898295,Colin Beasley
0871198718,Neve Mcmahon
0711578483,Evangeline Brennan
0615529506,Rosie Shaw
0695370810,Verity Mccann
0747213205,Juliet Hickman
0637885805,Kimberly Murray
0851147848,Ellis Jenkins
0729712825,Floyd Allen
0790901275,Amanda Colon
0851216990,Karim West
0775991629,Holly Andersen
0750843004,Fynn O'Gallagher
0658760264,Ashley Richardson
0710602294,Rory Cuevas
0628396627,Lottie Dillon
0806149074,Oisin Bolton
0743154358,Abdur Page
0818467102,Inayah Velasquez
0745042825,Leroy Miller
0860554354,Zayn Knowles
0739755750,Dillan Warner
0781964244,Dhruv Keith
0694049322,Maria English
0716956176,Rhys Flores
0820224107,Janet Flynn
0839231791,Benedict Villa
0659624522,Kyan Cummings
0835983368,Larissa Holder
0615861459,Gethin Mcmillan
0830277264,Lincoln Arroyo
0650262212,Hope Haley
0725678055,Helen French
0860009011,Simeon Walter
0853748034,Carrie Conway
0805734277,Cruz Peck
0865642442,Hannah Kline
0892979452,Alessia Kemp
0873102085,Olive Crane
0874270374,Jemima Porter
0844352722,Ridwan Hanson
0607362691,Anastasia Christensen
0663426955,Libbie Lucas
0639576540,Haris Galvan
0785836579,Emma Black
0701593300,Elias Rowe
0620032475,Shakira Adams
0881074688,Briony Hodges
0748588190,Joel Harrell
0771876852,Ronnie Nixon
0706780395,Ann Hopkins
0823945353,Haider Mathis
0801715111,Alastair Davenport
0648041062,Dora Nguyen
0877887948,Sara Mckay
0638111221,Amirah Glenn
0681539261,Eileen Cunningham
0743299565,Clayton Bartlett
0698607302,Doris Chang
0778178398,Rio Oconnell
0676514186,Caroline Li
0621496157,Nina Mosley
0785238289,Tamzin Wiley
0781105667,Eliot Meyers
0664274100,Sebastian Owens
0806557859,Safaa Sykes
0731374409,Roman Calderon
0601962708,Arman Best
0645293135,Nieve Patrick
0898514315,Ava-Rose Baldwin
0745988648,Nia Morgan
0870393155,Tobias Fields
0631000946,Wilma Lloyd
0754986423,Nathaniel Wise
0860394055,Emmie Bell
0792947298,Noah Finch
0729770225,Eoin Ferrell
0712946505,Roger Noble
0604165504,Douglas Frank
0636929052,Bushra Hubbard
0615674703,Inaaya Winters
0667083014,Malakai Hampton
0674561296,Moses Valdez
0733027673,Cecily Lin
0679116808,Zaynah Charles
0765134267,Lili Olsen
0811018192,Faye Wade
0849121886,Melisa Harmon
0835752740,Hattie Yates
0875446899,Harris Peck
0856564504,Jackson Lawrence
0890388235,Orlando Golden
0785528104,Lorraine Patterson
0655420922,Tasnim Cruz
0799757289,Troy Haas
0772466440,Cayden Cotton
0796400038,Joseph Jordan
0831469851,Verity Sloan
0616043550,Alessia Moon
0607435219,Anisha Anthony
0687954918,Everett O'Doherty
0680514577,Jeremiah Ochoa
0645697453,Savanna Reid
0695406901,Lois Mcbride
0630395187,Tyrese Curtis
0870573285,Abdulrahman Camacho
0638273335,Archie Finley
0719149709,Gareth Jimenez
0840231003,Hajra Copeland
0682050049,Steven Whitehead
0708814105,Tommy-Lee Mcgrath
0697721596,Julian Deleon
0849957570,Anita Hart
0698850624,Nikhil Rowland
0761332006,Malachi Hoover
0627843419,Ibraheem Miller
0626407981,Lucian Weaver
0655086691,Betty Donnelly
0727853730,Saif Everett
0893094019,Maria Mcdonald
0705278195,Darragh Rush
0656598826,Cerys Stein
0882940277,Austin Maldonado
0649867175,Nevaeh Morrow
0813224667,Nadine Pineda
0777489453,Genevieve Spence
0711555001,Kyan Wright
0893324784,Hiba Peterson
0818803044,Wilson Fleming
0616002422,Tim Powers
0719018190,Chanelle Banks
0706120724,Chad Roman
0786065874,Betsy Houston
0888925673,Nicolas Sosa
0758516897,Martha Stanley
0722610926,Dana Mason
0809557744,Milan Haynes
0660339537,Alicia Hebert